{
  "project_info": {
    "project_number": "835942883852",
    "project_id": "mediapembelajaran-kel10",
    "storage_bucket": "mediapembelajaran-kel10.appspot.com"
  },
  "client": [
    {
      "client_info": {
        "mobilesdk_app_id": "1:835942883852:android:9e3dc32d4c462e6c48c429",
        "android_client_info": {
          "package_name": "com.example.mediapembelajarankomputerdanjaringandasar"
        }
      },
      "oauth_client": [
        {
          "client_id": "835942883852-rc7ia421g597ligpt8ohtqj6011m27hl.apps.googleusercontent.com",
          "client_type": 3
        }
      ],
      "api_key": [
        {
          "current_key": "AIzaSyAEc2r-g76s53FGsnvP-BKaJAijDNXM7wM"
        }
      ],
      "services": {
        "appinvite_service": {
          "other_platform_oauth_client": [
            {
              "client_id": "835942883852-rc7ia421g597ligpt8ohtqj6011m27hl.apps.googleusercontent.com",
              "client_type": 3
            }
          ]
        }
      }
    }
  ],
  "configuration_version": "1"
}